scene,objective_count,objective_accuracy_16a,best_v17_strategy,best_v17_objective_accuracy,best_delta_vs_16a,v17_farthest_3d,v17_farthest_feature,v17_hybrid,v17_opacity_topk,v17_opacity_weighted
brandenburg_gate,70,0.6285714285714286,farthest_feature,0.6428571428571429,0.014285714285714346,0.5714285714285714,0.6428571428571429,0.45714285714285713,0.5857142857142857,0.6285714285714286
buckingham_palace,82,0.9024390243902439,opacity_topk,0.926829268292683,0.024390243902439046,0.8658536585365854,0.8658536585365854,0.8414634146341463,0.926829268292683,0.8536585365853658
notre_dame_front_facade,68,0.7352941176470589,farthest_3d,0.7647058823529411,0.02941176470588225,0.7647058823529411,0.7647058823529411,0.6911764705882353,0.6911764705882353,0.7205882352941176
pantheon_exterior,97,0.6494845360824743,farthest_feature,0.7422680412371134,0.09278350515463918,0.5257731958762887,0.7422680412371134,0.711340206185567,0.7319587628865979,0.6185567010309279
sacre_coeur,103,0.6699029126213593,hybrid,0.7087378640776699,0.03883495145631066,0.6213592233009708,0.6990291262135923,0.7087378640776699,0.6407766990291263,0.6699029126213593
taj_mahal,106,0.8207547169811321,opacity_weighted,0.8301886792452831,0.009433962264150941,0.8207547169811321,0.8207547169811321,0.8207547169811321,0.8207547169811321,0.8301886792452831
temple_nara_japan,87,0.8620689655172413,farthest_feature,0.9195402298850575,0.05747126436781613,0.7241379310344828,0.9195402298850575,0.8735632183908046,0.7816091954022989,0.8275862068965517
trevi_fountain,151,0.7152317880794702,hybrid,0.6887417218543046,-0.026490066225165587,0.6291390728476821,0.6754966887417219,0.6887417218543046,0.6887417218543046,0.6887417218543046
