experiment_id,experiment_short,objective_n,ours_obj_acc,rgb_obj_acc,delta_obj_acc,ours_only_correct,rgb_only_correct,both_correct,both_wrong,judgelm_n,ours_judgelm,rgb_judgelm,delta_judgelm,ours_higher_025,rgb_higher_025,near_tie_025
v18_tokpipe_best2d_best3d_m2tokcat_m3tokcat_mmtokscale_odirect_T576_R5_C1,mmtokscale_T576_R5,764,0.7722513089005235,0.7971204188481675,-0.02486910994764402,30,49,560,125,297,7.892255892255892,8.030303030303031,-0.1380471380471393,95,69,133
v18_tokpipe_best2d_best3d_m2tokcat_m3tokcat_mmtokscale_odirect_T512_R5_C1,mmtokscale_T512_R5,764,0.7722513089005235,0.7971204188481675,-0.02486910994764402,29,48,561,126,297,7.875420875420875,8.030303030303031,-0.15488215488215573,101,69,127
v18_tokpipe_best2d_best3d_m2tokcat_m3tokcat_mmtok2d3d_odirect_T512_R30_C1,mmtok2d3d_T512_R30,764,0.7486910994764397,0.7971204188481675,-0.048429319371727786,25,62,547,130,297,8.138047138047138,8.030303030303031,0.10774410774410725,111,60,126
