scene,eval_type,n,ours_score,rgb_score,delta_score,ours_higher_exact,rgb_higher_exact,tie_exact,ours_higher_025,rgb_higher_025,near_tie_025
brandenburg_gate,judgelm,94,7.73404255319149,8.106382978723405,-0.3723404255319149,37,26,31,37,26,31
buckingham_palace,judgelm,31,9.129032258064516,8.35483870967742,0.7741935483870968,17,1,13,17,1,13
notre_dame_front_facade,judgelm,43,8.906976744186046,8.813953488372093,0.09302325581395349,15,13,15,15,13,15
pantheon_exterior,judgelm,20,7.35,8.65,-1.3,3,10,7,3,10,7
sacre_coeur,judgelm,14,8.571428571428571,8.0,0.5714285714285714,3,1,10,3,1,10
taj_mahal,judgelm,39,7.641025641025641,6.923076923076923,0.717948717948718,12,4,23,12,4,23
temple_nara_japan,judgelm,18,8.277777777777779,8.5,-0.2222222222222222,0,4,14,0,4,14
trevi_fountain,judgelm,38,6.2368421052631575,7.2894736842105265,-1.0526315789473684,8,10,20,8,10,20
